{
    "swagger": "2.0",
    "info": {
        "description": "Deals with unpublished beats and moderation. Has its own duplicates of Tags, Genre, and other metadata, except MFCC characteristics. When user publishes a beat, sends a kafka message to get MFCC characteristics from the track. If the user publishes a new tag, tag is updated in unpublished service and then in beats service.",
        "title": "Fiber Unpublished Beats Service",
        "contact": {},
        "version": "1.0"
    },
    "basePath": "/api",
    "paths": {
        "/": {
            "get": {
                "description": "Returns a hello message",
                "produces": [
                    "application/json"
                ],
                "tags": [
                    "utils"
                ],
                "summary": "Simple hello endpoint",
                "responses": {
                    "200": {
                        "description": "hello!",
                        "schema": {
                            "type": "string"
                        }
                    }
                }
            }
        },
        "/metadata/genres": {
            "get": {
                "description": "Retrieve all genres from the system",
                "produces": [
                    "application/json"
                ],
                "tags": [
                    "genres"
                ],
                "summary": "Get all genres",
                "responses": {
                    "200": {
                        "description": "OK",
                        "schema": {
                            "$ref": "#/definitions/presenters.MetadataListResponse"
                        }
                    },
                    "500": {
                        "description": "Internal Server Error",
                        "schema": {
                            "$ref": "#/definitions/presenters.MetadataErrorResponse"
                        }
                    }
                }
            },
            "post": {
                "description": "Add a new genre to the system",
                "consumes": [
                    "application/json"
                ],
                "produces": [
                    "application/json"
                ],
                "tags": [
                    "genres"
                ],
                "summary": "Create a new genre",
                "parameters": [
                    {
                        "description": "Genre to create",
                        "name": "genre",
                        "in": "body",
                        "required": true,
                        "schema": {
                            "$ref": "#/definitions/entities.Genre"
                        }
                    }
                ],
                "responses": {
                    "201": {
                        "description": "Created",
                        "schema": {
                            "$ref": "#/definitions/presenters.MetadataSuccessResponse"
                        }
                    },
                    "422": {
                        "description": "Unprocessable Entity",
                        "schema": {
                            "$ref": "#/definitions/presenters.MetadataErrorResponse"
                        }
                    },
                    "500": {
                        "description": "Internal Server Error",
                        "schema": {
                            "$ref": "#/definitions/presenters.MetadataErrorResponse"
                        }
                    }
                }
            }
        },
        "/metadata/instruments": {
            "get": {
                "description": "Retrieve all instruments from the system",
                "produces": [
                    "application/json"
                ],
                "tags": [
                    "instruments"
                ],
                "summary": "Get all instruments",
                "responses": {
                    "200": {
                        "description": "OK",
                        "schema": {
                            "$ref": "#/definitions/presenters.MetadataListResponse"
                        }
                    },
                    "500": {
                        "description": "Internal Server Error",
                        "schema": {
                            "$ref": "#/definitions/presenters.MetadataErrorResponse"
                        }
                    }
                }
            },
            "post": {
                "description": "Add a new instrument to the system",
                "consumes": [
                    "application/json"
                ],
                "produces": [
                    "application/json"
                ],
                "tags": [
                    "instruments"
                ],
                "summary": "Create a new instrument",
                "parameters": [
                    {
                        "description": "Instrument to create",
                        "name": "instrument",
                        "in": "body",
                        "required": true,
                        "schema": {
                            "$ref": "#/definitions/entities.Instrument"
                        }
                    }
                ],
                "responses": {
                    "201": {
                        "description": "Created",
                        "schema": {
                            "$ref": "#/definitions/presenters.MetadataSuccessResponse"
                        }
                    },
                    "422": {
                        "description": "Unprocessable Entity",
                        "schema": {
                            "$ref": "#/definitions/presenters.MetadataErrorResponse"
                        }
                    },
                    "500": {
                        "description": "Internal Server Error",
                        "schema": {
                            "$ref": "#/definitions/presenters.MetadataErrorResponse"
                        }
                    }
                }
            }
        },
        "/metadata/keynotes": {
            "get": {
                "description": "Retrieve all keynotes from the system",
                "produces": [
                    "application/json"
                ],
                "tags": [
                    "keynotes"
                ],
                "summary": "Get all keynotes",
                "responses": {
                    "200": {
                        "description": "OK",
                        "schema": {
                            "$ref": "#/definitions/presenters.MetadataListResponse"
                        }
                    },
                    "500": {
                        "description": "Internal Server Error",
                        "schema": {
                            "$ref": "#/definitions/presenters.MetadataErrorResponse"
                        }
                    }
                }
            },
            "post": {
                "description": "Add a new keynote to the system",
                "consumes": [
                    "application/json"
                ],
                "produces": [
                    "application/json"
                ],
                "tags": [
                    "keynotes"
                ],
                "summary": "Create a new keynote",
                "parameters": [
                    {
                        "description": "Keynote to create",
                        "name": "keynote",
                        "in": "body",
                        "required": true,
                        "schema": {
                            "$ref": "#/definitions/entities.Keynote"
                        }
                    }
                ],
                "responses": {
                    "201": {
                        "description": "Created",
                        "schema": {
                            "$ref": "#/definitions/presenters.MetadataSuccessResponse"
                        }
                    },
                    "422": {
                        "description": "Unprocessable Entity",
                        "schema": {
                            "$ref": "#/definitions/presenters.MetadataErrorResponse"
                        }
                    },
                    "500": {
                        "description": "Internal Server Error",
                        "schema": {
                            "$ref": "#/definitions/presenters.MetadataErrorResponse"
                        }
                    }
                }
            }
        },
        "/metadata/moods": {
            "get": {
                "description": "Retrieve all moods from the system",
                "produces": [
                    "application/json"
                ],
                "tags": [
                    "moods"
                ],
                "summary": "Get all moods",
                "responses": {
                    "200": {
                        "description": "OK",
                        "schema": {
                            "$ref": "#/definitions/presenters.MetadataListResponse"
                        }
                    },
                    "500": {
                        "description": "Internal Server Error",
                        "schema": {
                            "$ref": "#/definitions/presenters.MetadataErrorResponse"
                        }
                    }
                }
            },
            "post": {
                "description": "Add a new mood to the system",
                "consumes": [
                    "application/json"
                ],
                "produces": [
                    "application/json"
                ],
                "tags": [
                    "moods"
                ],
                "summary": "Create a new mood",
                "parameters": [
                    {
                        "description": "Mood to create",
                        "name": "mood",
                        "in": "body",
                        "required": true,
                        "schema": {
                            "$ref": "#/definitions/entities.Mood"
                        }
                    }
                ],
                "responses": {
                    "201": {
                        "description": "Created",
                        "schema": {
                            "$ref": "#/definitions/presenters.MetadataSuccessResponse"
                        }
                    },
                    "422": {
                        "description": "Unprocessable Entity",
                        "schema": {
                            "$ref": "#/definitions/presenters.MetadataErrorResponse"
                        }
                    },
                    "500": {
                        "description": "Internal Server Error",
                        "schema": {
                            "$ref": "#/definitions/presenters.MetadataErrorResponse"
                        }
                    }
                }
            }
        },
        "/metadata/tags": {
            "get": {
                "description": "Retrieve all tags from the system",
                "produces": [
                    "application/json"
                ],
                "tags": [
                    "tags"
                ],
                "summary": "Get all tags",
                "responses": {
                    "200": {
                        "description": "OK",
                        "schema": {
                            "$ref": "#/definitions/presenters.MetadataListResponse"
                        }
                    },
                    "500": {
                        "description": "Internal Server Error",
                        "schema": {
                            "$ref": "#/definitions/presenters.MetadataErrorResponse"
                        }
                    }
                }
            },
            "post": {
                "description": "Add a new tag to the system",
                "consumes": [
                    "application/json"
                ],
                "produces": [
                    "application/json"
                ],
                "tags": [
                    "tags"
                ],
                "summary": "Create a new tag",
                "parameters": [
                    {
                        "description": "Tag to create",
                        "name": "tag",
                        "in": "body",
                        "required": true,
                        "schema": {
                            "$ref": "#/definitions/entities.Tag"
                        }
                    }
                ],
                "responses": {
                    "201": {
                        "description": "Created",
                        "schema": {
                            "$ref": "#/definitions/presenters.MetadataSuccessResponse"
                        }
                    },
                    "422": {
                        "description": "Unprocessable Entity",
                        "schema": {
                            "$ref": "#/definitions/presenters.MetadataErrorResponse"
                        }
                    },
                    "500": {
                        "description": "Internal Server Error",
                        "schema": {
                            "$ref": "#/definitions/presenters.MetadataErrorResponse"
                        }
                    }
                }
            }
        },
        "/metadata/timestamps": {
            "get": {
                "description": "Retrieve all timestamps from the system",
                "produces": [
                    "application/json"
                ],
                "tags": [
                    "timestamps"
                ],
                "summary": "Get all timestamps",
                "responses": {
                    "200": {
                        "description": "OK",
                        "schema": {
                            "$ref": "#/definitions/presenters.MetadataListResponse"
                        }
                    },
                    "500": {
                        "description": "Internal Server Error",
                        "schema": {
                            "$ref": "#/definitions/presenters.MetadataErrorResponse"
                        }
                    }
                }
            },
            "post": {
                "description": "Add a new timestamp to the system",
                "consumes": [
                    "application/json"
                ],
                "produces": [
                    "application/json"
                ],
                "tags": [
                    "timestamps"
                ],
                "summary": "Create a new timestamp",
                "parameters": [
                    {
                        "description": "Timestamp to create",
                        "name": "timestamp",
                        "in": "body",
                        "required": true,
                        "schema": {
                            "$ref": "#/definitions/entities.Timestamp"
                        }
                    }
                ],
                "responses": {
                    "201": {
                        "description": "Created",
                        "schema": {
                            "$ref": "#/definitions/presenters.MetadataSuccessResponse"
                        }
                    },
                    "422": {
                        "description": "Unprocessable Entity",
                        "schema": {
                            "$ref": "#/definitions/presenters.MetadataErrorResponse"
                        }
                    },
                    "500": {
                        "description": "Internal Server Error",
                        "schema": {
                            "$ref": "#/definitions/presenters.MetadataErrorResponse"
                        }
                    }
                }
            }
        },
        "/unpbeats/allUnpublishedBeats": {
            "get": {
                "description": "Get all unpublished beats in the system",
                "produces": [
                    "application/json"
                ],
                "tags": [
                    "beats"
                ],
                "summary": "Get all unpublished beats",
                "responses": {
                    "200": {
                        "description": "OK",
                        "schema": {
                            "$ref": "#/definitions/presenters.UnpublishedBeatListResponse"
                        }
                    },
                    "500": {
                        "description": "Internal Server Error",
                        "schema": {
                            "$ref": "#/definitions/presenters.UnpublishedBeatErrorResponse"
                        }
                    }
                }
            }
        },
        "/unpbeats/beatsForModerationByDate/{from}/{to}": {
            "get": {
                "description": "Get beats in moderation status within specified date range",
                "produces": [
                    "application/json"
                ],
                "tags": [
                    "moderation"
                ],
                "summary": "Get beats in moderation by date range. Warning: uses unix data.",
                "parameters": [
                    {
                        "type": "integer",
                        "description": "Start timestamp",
                        "name": "from",
                        "in": "path",
                        "required": true
                    },
                    {
                        "type": "integer",
                        "description": "End timestamp",
                        "name": "to",
                        "in": "path",
                        "required": true
                    }
                ],
                "responses": {
                    "200": {
                        "description": "OK",
                        "schema": {
                            "$ref": "#/definitions/presenters.UnpublishedBeatListResponse"
                        }
                    },
                    "400": {
                        "description": "Bad Request",
                        "schema": {
                            "$ref": "#/definitions/presenters.UnpublishedBeatErrorResponse"
                        }
                    },
                    "500": {
                        "description": "Internal Server Error",
                        "schema": {
                            "$ref": "#/definitions/presenters.UnpublishedBeatErrorResponse"
                        }
                    }
                }
            }
        },
        "/unpbeats/publish/{id}": {
            "post": {
                "description": "Publish an existing beat (mock implementation)",
                "produces": [
                    "application/json"
                ],
                "tags": [
                    "beats"
                ],
                "summary": "Publish a beat. Deletes it from the current service, and posts to beat service.",
                "parameters": [
                    {
                        "type": "string",
                        "description": "Beat ID to publish",
                        "name": "id",
                        "in": "path",
                        "required": true
                    }
                ],
                "responses": {
                    "200": {
                        "description": "OK",
                        "schema": {
                            "type": "object",
                            "additionalProperties": {
                                "type": "string"
                            }
                        }
                    },
                    "422": {
                        "description": "Unprocessable Entity",
                        "schema": {
                            "$ref": "#/definitions/presenters.UnpublishedBeatErrorResponse"
                        }
                    },
                    "500": {
                        "description": "Internal Server Error",
                        "schema": {
                            "$ref": "#/definitions/presenters.UnpublishedBeatErrorResponse"
                        }
                    }
                }
            }
        },
        "/unpbeats/saveDraft": {
            "post": {
                "description": "Save an unpublished beat with draft status",
                "consumes": [
                    "application/json"
                ],
                "produces": [
                    "application/json"
                ],
                "tags": [
                    "beats"
                ],
                "summary": "Save a beat draft",
                "parameters": [
                    {
                        "description": "Beat data to save as draft",
                        "name": "beat",
                        "in": "body",
                        "required": true,
                        "schema": {
                            "$ref": "#/definitions/entities.UnpublishedBeat"
                        }
                    }
                ],
                "responses": {
                    "200": {
                        "description": "OK",
                        "schema": {
                            "$ref": "#/definitions/presenters.UnpublishedBeatSuccessResponse"
                        }
                    },
                    "422": {
                        "description": "Unprocessable Entity",
                        "schema": {
                            "$ref": "#/definitions/presenters.UnpublishedBeatErrorResponse"
                        }
                    },
                    "500": {
                        "description": "Internal Server Error",
                        "schema": {
                            "$ref": "#/definitions/presenters.UnpublishedBeatErrorResponse"
                        }
                    }
                }
            }
        },
        "/unpbeats/sendToModeration/{id}": {
            "get": {
                "description": "Update beat status to 'in_moderation' and set moderation timestamp",
                "produces": [
                    "application/json"
                ],
                "tags": [
                    "beats"
                ],
                "summary": "Send beat to moderation",
                "parameters": [
                    {
                        "type": "string",
                        "description": "Beat ID to send to moderation",
                        "name": "id",
                        "in": "path",
                        "required": true
                    }
                ],
                "responses": {
                    "200": {
                        "description": "OK",
                        "schema": {
                            "$ref": "#/definitions/presenters.UnpublishedBeatSuccessResponse"
                        }
                    },
                    "400": {
                        "description": "Bad Request",
                        "schema": {
                            "$ref": "#/definitions/presenters.UnpublishedBeatErrorResponse"
                        }
                    },
                    "500": {
                        "description": "Internal Server Error",
                        "schema": {
                            "$ref": "#/definitions/presenters.UnpublishedBeatErrorResponse"
                        }
                    }
                }
            }
        },
        "/unpbeats/sortByStatus/{status}": {
            "get": {
                "security": [
                    {
                        "ApiKeyAuth": []
                    }
                ],
                "description": "Get unpublished beats filtered by status for the authenticated beatmaker",
                "produces": [
                    "application/json"
                ],
                "tags": [
                    "beats"
                ],
                "summary": "Get beats by status for current user",
                "parameters": [
                    {
                        "type": "string",
                        "description": "Status to filter by",
                        "name": "status",
                        "in": "path",
                        "required": true
                    }
                ],
                "responses": {
                    "200": {
                        "description": "OK",
                        "schema": {
                            "$ref": "#/definitions/presenters.UnpublishedBeatListResponse"
                        }
                    },
                    "500": {
                        "description": "Internal Server Error",
                        "schema": {
                            "$ref": "#/definitions/presenters.UnpublishedBeatErrorResponse"
                        }
                    }
                }
            }
        },
        "/unpbeats/unpublishedBeatsByBeatmakerJWT": {
            "get": {
                "security": [
                    {
                        "ApiKeyAuth": []
                    }
                ],
                "description": "Get all unpublished beats for the authenticated beatmaker",
                "produces": [
                    "application/json"
                ],
                "tags": [
                    "beats"
                ],
                "summary": "Get user's unpublished beats",
                "responses": {
                    "200": {
                        "description": "OK",
                        "schema": {
                            "$ref": "#/definitions/presenters.UnpublishedBeatListResponse"
                        }
                    },
                    "500": {
                        "description": "Internal Server Error",
                        "schema": {
                            "$ref": "#/definitions/presenters.UnpublishedBeatErrorResponse"
                        }
                    }
                }
            }
        }
    },
    "definitions": {
        "entities.Genre": {
            "type": "object",
            "properties": {
                "id": {
                    "type": "integer"
                },
                "name": {
                    "type": "string"
                },
                "unpublishedBeat": {
                    "type": "array",
                    "items": {
                        "$ref": "#/definitions/entities.UnpublishedBeat"
                    }
                }
            }
        },
        "entities.Instrument": {
            "type": "object",
            "properties": {
                "id": {
                    "type": "integer"
                },
                "name": {
                    "type": "string"
                },
                "unpublishedBeat": {
                    "type": "array",
                    "items": {
                        "$ref": "#/definitions/entities.UnpublishedBeat"
                    }
                }
            }
        },
        "entities.Keynote": {
            "type": "object",
            "properties": {
                "beats": {
                    "type": "array",
                    "items": {
                        "$ref": "#/definitions/entities.UnpublishedBeat"
                    }
                },
                "id": {
                    "type": "integer"
                },
                "name": {
                    "type": "string"
                }
            }
        },
        "entities.Mood": {
            "type": "object",
            "properties": {
                "id": {
                    "type": "integer"
                },
                "name": {
                    "type": "string"
                },
                "unpublishedBeat": {
                    "type": "array",
                    "items": {
                        "$ref": "#/definitions/entities.UnpublishedBeat"
                    }
                }
            }
        },
        "entities.Status": {
            "type": "string",
            "enum": [
                "in_moderation",
                "draft"
            ],
            "x-enum-varnames": [
                "StatusInModeration",
                "StatusDraft"
            ]
        },
        "entities.Tag": {
            "type": "object",
            "properties": {
                "id": {
                    "type": "integer"
                },
                "name": {
                    "type": "string"
                },
                "unpublishedBeat": {
                    "type": "array",
                    "items": {
                        "$ref": "#/definitions/entities.UnpublishedBeat"
                    }
                }
            }
        },
        "entities.Timestamp": {
            "type": "object",
            "properties": {
                "beatID": {
                    "type": "string"
                },
                "id": {
                    "type": "integer"
                },
                "name": {
                    "type": "string"
                },
                "time": {
                    "type": "integer"
                }
            }
        },
        "entities.UnpublishedBeat": {
            "description": "entitites.UnpublishedBeatErrorResponse",
            "type": "object",
            "properties": {
                "availableFilesId": {
                    "type": "string",
                    "example": "5"
                },
                "beatmakerId": {
                    "type": "string",
                    "example": "019628ef-cd76-7d2d-bf80-48b8011fad40"
                },
                "bpm": {
                    "type": "integer",
                    "example": 120
                },
                "created_at": {
                    "type": "integer"
                },
                "description": {
                    "type": "string",
                    "example": "Chill summer beat with tropical influences"
                },
                "genres": {
                    "description": "many to many",
                    "type": "array",
                    "items": {
                        "$ref": "#/definitions/entities.Genre"
                    }
                },
                "id": {
                    "type": "string",
                    "example": "019628ef-cd76-7d2d-bf80-48b8011fad40"
                },
                "instruments": {
                    "description": "many to many",
                    "type": "array",
                    "items": {
                        "$ref": "#/definitions/entities.Instrument"
                    }
                },
                "keynoteId": {
                    "description": "keynote has many beats, but each beat has only one keynote",
                    "type": "integer",
                    "example": 11
                },
                "moods": {
                    "description": "many to many",
                    "type": "array",
                    "items": {
                        "$ref": "#/definitions/entities.Mood"
                    }
                },
                "name": {
                    "type": "string",
                    "example": "Summer Vibes"
                },
                "picture": {
                    "type": "string",
                    "example": "https://storage.yandexcloud.net/imagesall/019623bd-3d0b-7dc2-8a1f-f782adeb42b4"
                },
                "plays": {
                    "type": "integer",
                    "example": 150
                },
                "price": {
                    "type": "integer",
                    "example": 2999
                },
                "sent_to_moderation_at": {
                    "type": "integer"
                },
                "status": {
                    "allOf": [
                        {
                            "$ref": "#/definitions/entities.Status"
                        }
                    ],
                    "example": "draft"
                },
                "tags": {
                    "description": "many to many",
                    "type": "array",
                    "items": {
                        "$ref": "#/definitions/entities.Tag"
                    }
                },
                "timestamps": {
                    "description": "a beat has many timestamps, but each timestamp has only one beat",
                    "type": "array",
                    "items": {
                        "$ref": "#/definitions/entities.Timestamp"
                    }
                },
                "updated_at": {
                    "type": "integer"
                },
                "url": {
                    "type": "string",
                    "example": "https://example.com/beats/summer-vibes"
                }
            }
        },
        "presenters.MetadataErrorResponse": {
            "description": "presenters.MetadataErrorResponse",
            "type": "object",
            "properties": {
                "data": {
                    "type": "string",
                    "example": ""
                },
                "error": {
                    "type": "string",
                    "example": "error message"
                },
                "status": {
                    "type": "boolean",
                    "example": false
                }
            }
        },
        "presenters.MetadataListResponse": {
            "description": "presenters.MetadataListResponse",
            "type": "object",
            "properties": {
                "data": {},
                "error": {
                    "type": "string",
                    "example": ""
                },
                "status": {
                    "type": "boolean",
                    "example": true
                }
            }
        },
        "presenters.MetadataSuccessResponse": {
            "description": "presenters.MetadataSuccessResponse",
            "type": "object",
            "properties": {
                "data": {},
                "error": {
                    "type": "string",
                    "example": ""
                },
                "status": {
                    "type": "boolean",
                    "example": true
                }
            }
        },
        "presenters.UnpublishedBeat": {
            "description": "presenters.UnpublishedBeat",
            "type": "object",
            "properties": {
                "available_files": {
                    "type": "string",
                    "example": "019623bd-3d0b-7dc2-8a1f-f782adeb42b4"
                },
                "beatmaker_id": {
                    "type": "string",
                    "example": "019623bd-3d0b-7dc2-8a1f-f782adeb42b4"
                },
                "bpm": {
                    "type": "integer",
                    "example": 120
                },
                "created_at": {
                    "type": "integer"
                },
                "description": {
                    "type": "string",
                    "example": "Chill summer beat with tropical influences"
                },
                "genres": {
                    "description": "many to many",
                    "type": "array",
                    "items": {
                        "$ref": "#/definitions/entities.Genre"
                    }
                },
                "id": {
                    "type": "string",
                    "example": "550e8400-e29b-41d4-a716-446655440000"
                },
                "instruments": {
                    "description": "many to many",
                    "type": "array",
                    "items": {
                        "$ref": "#/definitions/entities.Instrument"
                    }
                },
                "keynoteId": {
                    "description": "keynote has many beats, but each beat has only one keynote",
                    "type": "integer",
                    "example": 11
                },
                "moods": {
                    "description": "many to many",
                    "type": "array",
                    "items": {
                        "$ref": "#/definitions/entities.Mood"
                    }
                },
                "name": {
                    "type": "string",
                    "example": "Midnight Dreams"
                },
                "picture": {
                    "type": "string",
                    "example": "https://storage.yandexcloud.net/imagesall/019623bd-3d0b-7dc2-8a1f-f782adeb42b4"
                },
                "plays": {
                    "type": "integer",
                    "example": 1500
                },
                "price": {
                    "type": "integer",
                    "example": 2999
                },
                "sent_to_moderation_at": {
                    "type": "integer"
                },
                "status": {
                    "type": "string",
                    "example": "draft"
                },
                "stream_url": {
                    "type": "string",
                    "example": "https://storage.yandexcloud.net/imagesall/019623bd-3d0b-7dc2-8a1f-f782adeb42b4"
                },
                "tags": {
                    "description": "many to many",
                    "type": "array",
                    "items": {
                        "$ref": "#/definitions/entities.Tag"
                    }
                },
                "timestamps": {
                    "description": "a beat has many timestamps, but each timestamp has only one beat",
                    "type": "array",
                    "items": {
                        "$ref": "#/definitions/entities.Timestamp"
                    }
                },
                "updated_at": {
                    "type": "integer"
                }
            }
        },
        "presenters.UnpublishedBeatErrorResponse": {
            "description": "presenters.UnpublishedBeatErrorResponse",
            "type": "object",
            "properties": {
                "data": {
                    "type": "string"
                },
                "error": {
                    "type": "string",
                    "example": "null"
                },
                "status": {
                    "type": "boolean",
                    "example": true
                }
            }
        },
        "presenters.UnpublishedBeatListResponse": {
            "description": "presenters.UnpublishedBeatListResponse",
            "type": "object",
            "properties": {
                "data": {
                    "type": "array",
                    "items": {
                        "$ref": "#/definitions/presenters.UnpublishedBeat"
                    }
                },
                "error": {
                    "type": "string",
                    "example": "null"
                },
                "status": {
                    "type": "boolean",
                    "example": true
                }
            }
        },
        "presenters.UnpublishedBeatSuccessResponse": {
            "description": "presenters.UnpublishedBeatSuccessResponse",
            "type": "object",
            "properties": {
                "data": {
                    "$ref": "#/definitions/presenters.UnpublishedBeat"
                },
                "error": {
                    "type": "string",
                    "example": "null"
                },
                "status": {
                    "type": "boolean",
                    "example": true
                }
            }
        }
    },
    "securityDefinitions": {
        "ApiKeyAuth": {
            "type": "apiKey",
            "name": "Authorization",
            "in": "header"
        }
    }
}